<?xml version="1.0" encoding="UTF-8" standalone="no"?>
<epp xmlns="urn:iana:xml:ns:epp-1.0"
     xmlns:xsi="http://www.w3.org/2001/XMLSchema-instance"
     xsi:schemaLocation="urn:iana:xml:ns:epp-1.0 epp-1.0.xsd">
  <response>
    <result code="1000">
      <msg>Command completed successfully</msg>
    </result>
    <resData>
      <domain:trnData xmlns:domain="urn:iana:xml:ns:domain-1.0"
       xsi:schemaLocation="urn:iana:xml:ns:domain-1.0
       domain-1.0.xsd">
        <domain:name>example.com</domain:name>
        <domain:trStatus>pending</domain:trStatus>
        <domain:reID>ClientX</domain:reID>
        <domain:reDate>2000-06-08T22:00:00.0Z</domain:reDate>
        <domain:acID>ClientY</domain:acID>
        <domain:acDate>2000-06-13T22:00:00.0Z</domain:acDate>
        <domain:exDate>2002-09-08T22:00:00.0Z</domain:exDate>
      </domain:trnData>
    </resData>
    <unspec/>
    <trID>
      <clTRID>ABC-12346</clTRID>
      <svTRID>54322-XYZ</svTRID>
    </trID>
  </response>
</epp>