<?xml version="1.0" encoding="UTF-8" standalone="no"?>
<epp xmlns="urn:iana:xml:ns:epp-1.0"
     xmlns:xsi="http://www.w3.org/2001/XMLSchema-instance"
     xsi:schemaLocation="urn:iana:xml:ns:epp-1.0
     epp-1.0.xsd">
  <command>
    <create>
      <svcsub:create xmlns:svcsub="urn:iana:xml:ns:svcsub-1.0"
       xsi:schemaLocation="urn:iana:xml:ns:svcsub-1.0
       svcsub-1.0.xsd">
        <svcsub:id>SVCSUB-SERVICE-1</svcsub:id>
        <svcsub:service>DOMAIN-NAME-WATCH</svcsub:service>
        <svcsub:param name="exact">neustar</svcsub:param>
        <svcsub:param name="regexp">*neulevel*</svcsub:param>
        <svcsub:period unit="y">2</svcsub:period>
        <svcsub:registrant>jd1234</svcsub:registrant>
        <svcsub:contact type="admin">sh8013</svcsub:contact>
        <svcsub:contact type="billing">sh8013</svcsub:contact>
        <svcsub:authInfo type="pw">2fooBAR</svcsub:authInfo>
      </svcsub:create>
    </create>
    <clTRID>ABC-12345</clTRID>
  </command>
</epp>
