<?xml version="1.0" encoding="UTF-8" standalone="no"?>
<epp xmlns="urn:iana:xml:ns:epp-1.0"
     xmlns:xsi="http://www.w3.org/2001/XMLSchema-instance"
     xsi:schemaLocation="urn:iana:xml:ns:epp-1.0 epp-1.0.xsd">
  <command>
    <create>
      <domain:create xmlns:domain="urn:iana:xml:ns:domain-1.0"
       xsi:schemaLocation="urn:iana:xml:ns:domain-1.0
       domain-1.0.xsd">
        <domain:name>example.com</domain:name>
        <domain:period unit="y">2</domain:period>
        <domain:ns>ns1.example.com</domain:ns>
        <domain:ns>ns2.example.com</domain:ns>
        <domain:registrant>jd1234</domain:registrant>
        <domain:contact type="admin">sh8013</domain:contact>
        <domain:contact type="tech">sh8013</domain:contact>
        <domain:authInfo type="pw">2fooBAR</domain:authInfo>
      </domain:create>
    </create>
    <unspec/>
    <clTRID>ABC-12345</clTRID>
  </command>
</epp>