<?xml version="1.0" encoding="UTF-8" standalone="no"?>
<epp xmlns="urn:iana:xml:ns:epp-1.0"
     xmlns:xsi="http://www.w3.org/2001/XMLSchema-instance"
     xsi:schemaLocation="urn:iana:xml:ns:epp-1.0 epp-1.0.xsd">
  <response>
    <result code="1000">
      <msg>Command completed successfully</msg>
    </result>
    <resData>
      <svcsub:chkData xmlns:svcsub="urn:iana:xml:ns:svcsub-1.0"
       xsi:schemaLocation="urn:iana:xml:ns:svcsub-1.0
       svcsub-1.0.xsd">
        <svcsub:cd x="+">SVCSUB-SERVICE-1</svcsub:cd>
        <svcsub:cd x="-">SVCSUB-SERVICE-2</svcsub:cd>
        <svcsub:cd x="+">SVCSUB-SERVICE-3</svcsub:cd>
      </svcsub:chkData>
    </resData>
    <trID>
      <clTRID>ABC-12345</clTRID>
      <svTRID>54321-XYZ</svTRID>
    </trID>
  </response>
</epp>
