<?xml version="1.0" encoding="UTF-8" standalone="no"?>
<epp xmlns="urn:iana:xml:ns:epp-1.0"
     xmlns:xsi="http://www.w3.org/2001/XMLSchema-instance"
     xsi:schemaLocation="urn:iana:xml:ns:epp-1.0 epp-1.0.xsd">
  <command>
    <creds>
      <clID>ClientX</clID>
      <pw>foo-BAR2</pw>
      <newPW>bar-FOO2</newPW>
      <options>
        <version>1.0</version>
        <lang>en</lang>
      </options>
    </creds>
    <create>
      <contact:create xmlns:contact="urn:iana:xml:ns:contact-1.0"
       xsi:schemaLocation="urn:iana:xml:ns:contact-1.0
       contact-1.0.xsd">
        <contact:id>sh8013</contact:id>
        <contact:ascii>
          <contact:name>John Doe</contact:name>
          <contact:org>Example Inc.</contact:org>
          <contact:addr>
            <contact:street>123 Example Dr.</contact:street>
            <contact:street>Suite 100</contact:street>
            <contact:city>Dulles</contact:city>
            <contact:sp>VA</contact:sp>
            <contact:pc>20166-6503</contact:pc>
            <contact:cc>US</contact:cc>
          </contact:addr>
        </contact:ascii>
        <contact:voice x="1234">+1.7035555555</contact:voice>
        <contact:fax>+1.7035555556</contact:fax>
        <contact:email>jdoe@example.com</contact:email>
        <contact:authInfo type="pw">2fooBAR</contact:authInfo>
      </contact:create>
    </create>
    <unspec/>
    <clTRID>ABC-12345</clTRID>
  </command>
</epp>