<?xml version="1.0" encoding="UTF-8" standalone="no"?>
<epp xmlns="urn:iana:xml:ns:epp-1.0"
     xmlns:xsi="http://www.w3.org/2001/XMLSchema-instance"
     xsi:schemaLocation="urn:iana:xml:ns:epp-1.0 epp-1.0.xsd">
  <response>
    <result code="1000">
      <msg>Command completed successfully</msg>
    </result>
    <resData>
      <contact:chkData xmlns:contact="urn:iana:xml:ns:contact-1.0"
       xsi:schemaLocation="urn:iana:xml:ns:contact-1.0
       contact-1.0.xsd">
        <contact:cd x="+">sh8013</contact:cd>
        <contact:cd x="-">sah8013</contact:cd>
        <contact:cd x="+">8013sah</contact:cd>
      </contact:chkData>
    </resData>
    <unspec/>
    <trID>
      <clTRID>ABC-12346</clTRID>
      <svTRID>54322-XYZ</svTRID>
    </trID>
  </response>
</epp>