<?xml version="1.0" encoding="UTF-8" standalone="no"?>
<epp xmlns="urn:iana:xml:ns:epp-1.0"
     xmlns:xsi="http://www.w3.org/2001/XMLSchema-instance"
     xsi:schemaLocation="urn:iana:xml:ns:epp-1.0 epp-1.0.xsd">
  <command>
    <update>
      <host:update xmlns:host="urn:iana:xml:ns:host-1.0"
       xsi:schemaLocation="urn:iana:xml:ns:host-1.0 host-1.0.xsd">
        <host:name>ns1.example.com</host:name>
        <host:add>
          <host:addr ip="v4">192.1.2.3</host:addr>
          <host:status s="clientUpdateProhibited"/>
        </host:add>
        <host:rem>
          <host:addr ip="v6">1080:0:0:0:8:800:200C:417A</host:addr>
        </host:rem>
        <host:chg>
          <host:name>ns2.example.com</host:name>
        </host:chg>
      </host:update>
    </update>
    <unspec/>
    <clTRID>ABC-12346</clTRID>
  </command>
</epp>