<?xml version="1.0" encoding="UTF-8" standalone="no"?>
<epp xmlns="urn:iana:xml:ns:epp-1.0"
     xmlns:xsi="http://www.w3.org/2001/XMLSchema-instance"
     xsi:schemaLocation="urn:iana:xml:ns:epp-1.0 epp-1.0.xsd">
  <command>
    <check>
      <host:check xmlns:host="urn:iana:xml:ns:host-1.0"
       xsi:schemaLocation="urn:iana:xml:ns:host-1.0 host-1.0.xsd">
        <host:name>ns1.example.com</host:name>
        <host:name>ns2.example.com</host:name>
        <host:name>ns3.example.com</host:name>
      </host:check>
    </check>
    <unspec/>
    <clTRID>ABC-12346</clTRID>
  </command>
</epp>