<?xml version="1.0" encoding="UTF-8" standalone="no"?>
<epp xmlns="urn:iana:xml:ns:epp-1.0"
     xmlns:xsi="http://www.w3.org/2001/XMLSchema-instance"
     xsi:schemaLocation="urn:iana:xml:ns:epp-1.0 epp-1.0.xsd">
  <response>
    <result code="1000">
      <msg>Command completed successfully</msg>
    </result>
    <resData>
      <svcsub:infData xmlns:svcsub="urn:iana:xml:ns:svcsub-1.0"
       xsi:schemaLocation="urn:iana:xml:ns:svcsub-1.0
       svcsub-1.0.xsd">
        <svcsub:id>SVCSUB-SERVICE-1</svcsub:id>
        <svcsub:roid>SVC12345-NEULEVEL</svcsub:roid>
        <svcsub:status s="clientDeleteProhibited"/>
        <svcsub:status s="clientTransferProhibited"/>
        <svcsub:registrant>jd1234</svcsub:registrant>
        <svcsub:contact type="admin">sh8013</svcsub:contact>
        <svcsub:contact type="billing">sh8013</svcsub:contact>
        <svcsub:service>DOMAIN-NAME-WATCH</svcsub:service>
        <svcsub:param name="exact">neustar</svcsub:param>
        <svcsub:param name="regexp">*neulevel*</svcsub:param>
        <svcsub:clID>ClientY</svcsub:clID>
        <svcsub:crID>ClientX</svcsub:crID>
        <svcsub:crDate>2001-12-03T22:00:00.0Z</svcsub:crDate>
        <svcsub:upID>ClientX</svcsub:upID>
        <svcsub:upDate>2001-12-05T09:00:00.0Z</svcsub:upDate>
        <svcsub:exDate>2009-12-03T09:00:00.0Z</svcsub:exDate>
        <svcsub:trDate>2002-04-08T09:00:00.0Z</svcsub:trDate>
        <svcsub:authInfo type="pw">2fooBAR</svcsub:authInfo>
      </svcsub:infData>
    </resData>
    <trID>
      <clTRID>ABC-12346</clTRID>
      <svTRID>54321-XYZ</svTRID>
    </trID>
  </response>
</epp>
