<?xml version="1.0" encoding="UTF-8" standalone="no"?>
<epp xmlns="urn:iana:xml:ns:epp-1.0"
     xmlns:xsi="http://www.w3.org/2001/XMLSchema-instance"
     xsi:schemaLocation="urn:iana:xml:ns:epp-1.0
     epp-1.0.xsd">
  <command>
    <update>
      <svcsub:update
       xmlns:svcsub="urn:iana:xml:ns:svcsub-1.0"
       xsi:schemaLocation="urn:iana:xml:ns:svcsub-1.0
       svcsub-1.0.xsd">
        <svcsub:id>SVCSUB-SERVICE-1</svcsub:id>
        <svcsub:add>
          <svcsub:param name="hamming5">LEVEL</svcsub:param>
          <svcsub:contact type="tech">mak21</svcsub:contact>
          <svcsub:status s="clientSuspended" lang="en">
            Payment overdue.
          </svcsub:status>
        </svcsub:add>
        <svcsub:rem>
          <svcsub:param name="exact">NEULEVEL</svcsub:param>
          <svcsub:contact type="tech">sh8013</svcsub:contact>
          <svcsub:status s="clientUpdateProhibited"/>
        </svcsub:rem>
        <svcsub:chg>
          <svcsub:registrant>sh8013</svcsub:registrant>
          <svcsub:authInfo type="pw">2BARfoo</svcsub:authInfo>
        </svcsub:chg>
        <svcsub:userid>myUserId</svcsub:userid>
        <svcsub:authInfo type="pw">2fooBAR</svcsub:authInfo>
      </svcsub:update>
    </update>
    <clTRID>ABC-12345</clTRID>
  </command>
</epp>
