<?xml version="1.0" encoding="UTF-8" standalone="no"?>
<epp xmlns="urn:iana:xml:ns:epp-1.0"
     xmlns:xsi="http://www.w3.org/2001/XMLSchema-instance"
     xsi:schemaLocation="urn:iana:xml:ns:epp-1.0 epp-1.0.xsd">
  <command>
    <update>
      <contact:update xmlns:contact="urn:iana:xml:ns:contact-1.0"
       xsi:schemaLocation="urn:iana:xml:ns:contact-1.0
       contact-1.0.xsd">
        <contact:id>sh8013</contact:id>
        <contact:add>
          <contact:status s="clientDeleteProhibited"/>
        </contact:add>
        <contact:chg>
          <contact:ascii>
            <contact:org/>
            <contact:addr>
              <contact:street>124 Example Dr.</contact:street>
              <contact:street>Suite 200</contact:street>
              <contact:city>Dulles</contact:city>
              <contact:sp>VA</contact:sp>
              <contact:pc>20166-6503</contact:pc>
              <contact:cc>US</contact:cc>
            </contact:addr>
          </contact:ascii>
          <contact:voice>+1.7034444444</contact:voice>
          <contact:fax/>
          <contact:authInfo type="pw">2BARfoo</contact:authInfo>
        </contact:chg>
      </contact:update>
    </update>
    <unspec/>
    <clTRID>ABC-12346</clTRID>
  </command>
</epp>