<?xml version="1.0" encoding="UTF-8" standalone="no"?>
<epp xmlns="urn:iana:xml:ns:epp-1.0"
     xmlns:xsi="http://www.w3.org/2001/XMLSchema-instance"
     xsi:schemaLocation="urn:iana:xml:ns:epp-1.0 epp-1.0.xsd">
  <response>
    <result code="1000">
      <msg>Command completed successfully</msg>
    </result>
    <resData>
      <host:chkData xmlns:host="urn:iana:xml:ns:host-1.0"
       xsi:schemaLocation="urn:iana:xml:ns:host-1.0 host-1.0.xsd">
        <host:cd x="+">ns1.example.com</host:cd>
        <host:cd x="-">ns2.example.com</host:cd>
        <host:cd x="+">ns3.example.com</host:cd>
      </host:chkData>
    </resData>
    <unspec/>
    <trID>
      <clTRID>ABC-12346</clTRID>
      <svTRID>54322-XYZ</svTRID>
    </trID>
  </response>
</epp>