<?xml version="1.0" encoding="UTF-8" standalone="no"?>
<epp xmlns="urn:iana:xml:ns:epp-1.0"
     xmlns:xsi="http://www.w3.org/2001/XMLSchema-instance"
     xsi:schemaLocation="urn:iana:xml:ns:epp-1.0
     epp-1.0.xsd">
  <command>
    <delete>
      <svcsub:delete
       xmlns:svcsub="urn:iana:xml:ns:svcsub-1.0"
       xsi:schemaLocation="urn:iana:xml:ns:svcsub-1.0
       svcsub-1.0.xsd">
        <svcsub:id>SVCSUB-SERVICE-1</svcsub:id>
      </svcsub:delete>
    </delete>
    <clTRID>ABC-12345</clTRID>
  </command>
</epp>
